date,time,platform,account_id,display_name,follower_count,account_type,content_type,action_taken,comment_text,post_url,notes
2026-02-09,21:30,instagram,@turn.studio,the cozy lofi,unknown,profile,pottery/ceramics,follow,,https://www.instagram.com/p/DUYgwfmlNmO/,rainbow stencil mug design. great engagement. uses mayco glazes and nabertherm kiln
2026-02-09,21:30,instagram,@turn.studio,the cozy lofi,unknown,profile,pottery/ceramics,like,,https://www.instagram.com/p/DUYgwfmlNmO/,
2026-02-09,21:30,instagram,@turn.studio,the cozy lofi,unknown,profile,pottery/ceramics,comment,"the random color combos on these are so fun, love that you're leaning into it",https://www.instagram.com/p/DUYgwfmlNmO/,
2026-02-09,21:32,instagram,@zoegrenaudier,Jean Ferrat,unknown,profile,pottery/ceramics,follow,,https://www.instagram.com/p/DSnJhFzDP8E/,french ceramicist. large thrown vases. beautiful earthenware
2026-02-09,21:32,instagram,@zoegrenaudier,Jean Ferrat,unknown,profile,pottery/ceramics,like,,https://www.instagram.com/p/DSnJhFzDP8E/,
2026-02-09,21:34,instagram,@izzy_home_designs,Izzy Designer & Artist,762,profile,home design/handmade,follow,,https://www.instagram.com/p/DRB9tdmEibX/,sydney based textile designer and UGC creator. adjacent lifestyle audience
2026-02-09,21:34,instagram,@izzy_home_designs,Izzy Designer & Artist,762,profile,home design/handmade,like,,https://www.instagram.com/p/DRB9tdmEibX/,
2026-02-09,21:36,instagram,@livingkiln,livingkiln,unknown,profile,pottery/ceramics,follow,,https://www.instagram.com/p/DSSst45ARg5/,verified. whimsical functional ceramics (berry strainers). small biz. very genuine caption style
2026-02-09,21:36,instagram,@livingkiln,livingkiln,unknown,profile,pottery/ceramics,like,,https://www.instagram.com/p/DSSst45ARg5/,
2026-02-09,21:38,instagram,@lucky_rabbit_co,lucky_rabbit_co,unknown,profile,pottery/ceramics,follow,,https://www.instagram.com/p/DS5r_V1EbpZ/,pottery progress post. very genuine and personal. good community engagement
2026-02-09,21:38,instagram,@lucky_rabbit_co,lucky_rabbit_co,unknown,profile,pottery/ceramics,like,,https://www.instagram.com/p/DS5r_V1EbpZ/,
2026-02-09,21:38,instagram,@lucky_rabbit_co,lucky_rabbit_co,unknown,profile,pottery/ceramics,comment,"that progress in under a year is wild, the vessel at the end is so clean",https://www.instagram.com/p/DS5r_V1EbpZ/,
2026-02-11,00:00,facebook,emilywelchstyle,Emily Welch Style,unknown,page,Reel,react(love),,https://www.facebook.com/reel/,Galentines charm party - DIY crafting tablescape
2026-02-11,00:00,facebook,emilywelchstyle,Emily Welch Style,unknown,page,Reel,follow,,https://www.facebook.com/reel/,
2026-02-11,00:00,facebook,jessicasotelo,Jessica Sotelo,unknown,page,Reel,react(like),,https://www.facebook.com/reel/2083465019108799,Heart boxes with berries - Valentine gift prep
2026-02-11,00:00,facebook,jessysdreamhouse,Jessys Dream House,unknown,page,Reel,react(love),,https://www.facebook.com/reel/2143856076419150,Pink aesthetic kitchen tour
2026-02-11,00:00,facebook,jessysdreamhouse,Jessys Dream House,unknown,page,Reel,follow,,https://www.facebook.com/reel/2143856076419150,
2026-02-11,00:00,facebook,jessysdreamhouse,Jessys Dream House,unknown,page,Reel,comment,The way everything coordinates down to the mugs and the dish rack is so satisfying. This kitchen feels like a whole mood.,https://www.facebook.com/reel/2143856076419150,
2026-02-11,00:00,facebook,themagnoliamercantile,The Magnolia Mercantile,unknown,page,Reel,react(love),,https://www.facebook.com/reel/1268827865155437,Spring gift in a mug - blue floral ceramic mugs
2026-02-11,00:00,facebook,themagnoliamercantile,The Magnolia Mercantile,unknown,page,Reel,follow,,https://www.facebook.com/reel/1268827865155437,
2026-02-11,00:00,facebook,themagnoliamercantile,The Magnolia Mercantile,unknown,page,Reel,comment,"The mug itself is gorgeous, and wrapping it all together with the gingham ribbon takes it to a whole other level. What a thoughtful gift idea.",https://www.facebook.com/reel/1268827865155437,
2026-02-11,00:00,facebook,thevettelfarm,The Vettel Farm,unknown,page,Reel,react(like),,https://www.facebook.com/reel/1735837761135982,DIY vintage hankie garland on mantel
2026-02-11,00:00,facebook,thevettelfarm,The Vettel Farm,unknown,page,Reel,follow,,https://www.facebook.com/reel/1735837761135982,
2026-02-11,00:00,facebook,maddie.east,Maddie.east,unknown,page,Reel,react(like),,https://www.facebook.com/reel/25764868213174773,HomeGoods spring bunny towels and home finds
2026-02-11,00:00,facebook,maddie.east,Maddie.east,unknown,page,Reel,follow,,https://www.facebook.com/reel/25764868213174773,
2026-02-11,00:00,facebook,thechicishchick,The Chicish Chick,unknown,page,Reel,react(love),,https://www.facebook.com/reel/1432800281858053,Valentine treat cones and Bloody Marys in mason jars
2026-02-11,00:00,facebook,thechicishchick,The Chicish Chick,unknown,page,Reel,follow,,https://www.facebook.com/reel/1432800281858053,
2026-02-11,00:00,facebook,styleitwithashley,Styleitwithashley,unknown,page,Reel,react(love),,https://www.facebook.com/reel/1576645480330684,Hobby Lobby spring collection - bow ceramic mugs and plates
2026-02-11,00:00,facebook,styleitwithashley,Styleitwithashley,unknown,page,Reel,comment,Obsessed with those bow mugs on the top shelf. Hobby Lobby is dangerous for people who love ceramics.,https://www.facebook.com/reel/1576645480330684,Already following
2026-02-11,00:00,facebook,samc,Sam C,unknown,page,Reel,react(like),,https://www.facebook.com/reel/778239488631036,DIY Valentine crafts - pressed flower frames and garlands
2026-02-11,00:00,facebook,samc,Sam C,unknown,page,Reel,follow,,https://www.facebook.com/reel/778239488631036,
2026-02-11,00:00,facebook,samc,Sam C,unknown,page,Reel,comment,Adding the pressed flowers to the footprints is such a clever touch. How long did you press them before using?,https://www.facebook.com/reel/778239488631036,
2026-02-11,00:00,facebook,thefighome,The Fighome,unknown,page,Reel,react(like),,https://www.facebook.com/reel/2159843704841788,Seasonal home decorating - cozy lifestyle
2026-02-11,00:00,facebook,thefighome,The Fighome,unknown,page,Reel,follow,,https://www.facebook.com/reel/2159843704841788,
2026-02-11,00:00,facebook,magdiel,Magdiel,unknown,page,Reel,react(like),,https://www.facebook.com/reel/1487217782969394,Cherry-themed tablescape with elegant plates
2026-02-11,00:00,facebook,sandralee,Sandra Lee,unknown,page,Reel,react(love),,https://www.facebook.com/reel/871200352301102,Valentine living room and tablescape decor
2026-02-12,02:30,tiktok,@sortofceramics,Shan Smith,unknown,creator,pottery/ceramics,follow,,https://www.tiktok.com/@sortofceramics/video/7604956481041091847,kiln haul video. green/yellow/lavender glazes. building Shopify for spring collection. Toronto-based
2026-02-12,02:30,tiktok,@sortofceramics,Shan Smith,unknown,creator,pottery/ceramics,like,,https://www.tiktok.com/@sortofceramics/video/7604956481041091847,
2026-02-12,02:33,tiktok,@by___felicia,by___felicia,unknown,creator,pottery/ceramics,follow,,https://www.tiktok.com/@by___felicia/video/7594711610963365175,character ceramic mugs with faces. handbuilding process. very popular in ceramics niche
2026-02-12,02:33,tiktok,@by___felicia,by___felicia,unknown,creator,pottery/ceramics,like,,https://www.tiktok.com/@by___felicia/video/7594711610963365175,
2026-02-12,02:33,tiktok,@by___felicia,by___felicia,unknown,creator,pottery/ceramics,comment,"the little faces on these have so much personality, the pink scalloped one is unreal",https://www.tiktok.com/@by___felicia/video/7594711610963365175,
2026-02-12,02:38,tiktok,@kellyycha,kelly,unknown,creator,pottery/ceramics,follow,,https://www.tiktok.com/@kellyycha/video/7603611065905138958,apple-shaped glazed bowls. beautiful red glaze results
2026-02-12,02:38,tiktok,@kellyycha,kelly,unknown,creator,pottery/ceramics,like,,https://www.tiktok.com/@kellyycha/video/7603611065905138958,
2026-02-12,02:42,tiktok,@clocktower.clay,clocktower clay,unknown,creator,pottery/ceramics,follow,,https://www.tiktok.com/@clocktower.clay/video/7603821260761599254,pottery progress post. blue mug and green espresso mug. small creator. very genuine
2026-02-12,02:42,tiktok,@clocktower.clay,clocktower clay,unknown,creator,pottery/ceramics,like,,https://www.tiktok.com/@clocktower.clay/video/7603821260761599254,
2026-02-12,02:42,tiktok,@clocktower.clay,clocktower clay,unknown,creator,pottery/ceramics,comment,"that glaze is not terrible at all, the depth on that blue is so good",https://www.tiktok.com/@clocktower.clay/video/7603821260761599254,
2026-02-12,02:46,tiktok,@mija.ceramics,Mija Ceramics,unknown,creator,pottery/ceramics,follow,,https://www.tiktok.com/@mija.ceramics/video/7603806062680034590,tortoiseshell/amber pinch mug set. very small creator (94 likes)
2026-02-12,02:46,tiktok,@mija.ceramics,Mija Ceramics,unknown,creator,pottery/ceramics,like,,https://www.tiktok.com/@mija.ceramics/video/7603806062680034590,
2026-02-12,02:50,tiktok,@natewinterstudios,Nate Winter Studios,unknown,creator,pottery/ceramics,like,,https://www.tiktok.com/@natewinterstudios/video/7603819646558457101,wheel throwing video. Valentine's Day sale. like only (no follow) for pattern variation
2026-02-12,03:00,instagram,@panthertownstudios,Panther Town Studios,unknown,profile,pottery/ceramics,follow,,https://www.instagram.com/p/DT8LUvsERzs/,handmade marble-embedded ceramic mug. mugtown collective partner
2026-02-12,03:00,instagram,@panthertownstudios,Panther Town Studios,unknown,profile,pottery/ceramics,like,,https://www.instagram.com/p/DT8LUvsERzs/,
2026-02-12,03:00,instagram,@panthertownstudios,Panther Town Studios,unknown,profile,pottery/ceramics,comment,"the colors in that marble are incredible, love this detail on the handle",https://www.instagram.com/p/DT8LUvsERzs/,
2026-02-12,03:03,instagram,@atelier_mf_,atelier_mf_,unknown,profile,pottery/ceramics,follow,,https://www.instagram.com/p/DUTfAdkDCGS/,french ceramicist. farfalle (pasta) shaped ceramic pieces in olive green
2026-02-12,03:03,instagram,@atelier_mf_,atelier_mf_,unknown,profile,pottery/ceramics,like,,https://www.instagram.com/p/DUTfAdkDCGS/,
2026-02-12,03:05,instagram,@asmaapottery,asmaapottery,unknown,profile,pottery/ceramics,follow,,https://www.instagram.com/p/DUQjgpBDDJO/,hand-painted ceramic mug with playful illustrations. matcha themed. arabic captions
2026-02-12,03:05,instagram,@asmaapottery,asmaapottery,unknown,profile,pottery/ceramics,like,,https://www.instagram.com/p/DUQjgpBDDJO/,
2026-02-12,03:08,instagram,@brettwulc,brettwulc,unknown,profile,pottery/ceramics,follow,,https://www.instagram.com/p/DT1BLrZEhTs/,verified potter. 16 years experience. standing wheel ergonomics post. very engaged community
2026-02-12,03:08,instagram,@brettwulc,brettwulc,unknown,profile,pottery/ceramics,like,,https://www.instagram.com/p/DT1BLrZEhTs/,
2026-02-12,03:08,instagram,@brettwulc,brettwulc,unknown,profile,pottery/ceramics,comment,"standing wheel is such a game changer, your studio setup looks so dialed in",https://www.instagram.com/p/DT1BLrZEhTs/,
2026-02-12,03:11,instagram,@biancapintan,biancapintan,unknown,profile,pottery/ceramics,follow,,https://www.instagram.com/p/DUE8OAnj0az/,verified. cobalt collection. hand-formed carved ceramic vases. one-of-a-kind pieces
2026-02-12,03:11,instagram,@biancapintan,biancapintan,unknown,profile,pottery/ceramics,like,,https://www.instagram.com/p/DUE8OAnj0az/,
2026-02-12,03:14,instagram,@gaemerin,gaemerin,unknown,profile,pottery/ceramics,follow,,https://www.instagram.com/p/DTse286jyef/,animal-shaped ceramic pots. whale/dolphin pot with speckled glaze. very cute niche
2026-02-12,03:14,instagram,@gaemerin,gaemerin,unknown,profile,pottery/ceramics,like,,https://www.instagram.com/p/DTse286jyef/,
2026-02-12,03:14,instagram,@gaemerin,gaemerin,unknown,profile,pottery/ceramics,comment,"ok the little face on this one is everything, what glaze did you use for that speckled finish?",https://www.instagram.com/p/DTse286jyef/,
2026-02-12,03:17,instagram,@curios.nz,curios.nz,unknown,profile,pottery/ceramics,follow,,https://www.instagram.com/p/DSI_KROkgcC/,textured dimple pattern ceramic cup. greenware stage. NZ based
2026-02-12,03:17,instagram,@curios.nz,curios.nz,unknown,profile,pottery/ceramics,like,,https://www.instagram.com/p/DSI_KROkgcC/,
2026-02-12,03:20,instagram,@cozyhandmadecreations,cozyhandmadecreations,unknown,profile,pottery/ceramics,follow,,https://www.instagram.com/p/DSVRCg-Eeif/,cauldron mugs with dripping slime glaze detail. honey pot style
2026-02-12,03:20,instagram,@cozyhandmadecreations,cozyhandmadecreations,unknown,profile,pottery/ceramics,like,,https://www.instagram.com/p/DSVRCg-Eeif/,
2026-02-12,03:20,instagram,@cozyhandmadecreations,cozyhandmadecreations,unknown,profile,pottery/ceramics,comment,"the drip detail on these is so satisfying, cauldron shape is perfect for it",https://www.instagram.com/p/DSVRCg-Eeif/,
2026-02-12,03:23,instagram,@seaboulos.pottery,seaboulos.pottery,unknown,profile,pottery/ceramics,follow,,https://www.instagram.com/p/DTGPu5aDVhC/,glaze recipe post. frozen pond combo (bougainvillea/RHC/iron lustre on black underglaze). technical content
2026-02-12,03:23,instagram,@seaboulos.pottery,seaboulos.pottery,unknown,profile,pottery/ceramics,like,,https://www.instagram.com/p/DTGPu5aDVhC/,
2026-02-12,03:26,instagram,@kropottery,kropottery,4471,profile,pottery/ceramics,follow,,https://www.instagram.com/p/DUBMmugFCQo/,heart-stamped speckled mugs. Lethbridge Alberta. small creator
2026-02-12,03:26,instagram,@kropottery,kropottery,4471,profile,pottery/ceramics,like,,https://www.instagram.com/p/DUBMmugFCQo/,
2026-02-12,03:29,instagram,@roryefoster,roryefoster,unknown,profile,pottery/ceramics,follow,,https://www.instagram.com/p/DUZNKCmjcSO/,colorful geometric pattern mugs. Austin Texas. vibrant handmade ceramics
2026-02-12,03:29,instagram,@roryefoster,roryefoster,unknown,profile,pottery/ceramics,like,,https://www.instagram.com/p/DUZNKCmjcSO/,
2026-02-12,03:29,instagram,@roryefoster,roryefoster,unknown,profile,pottery/ceramics,comment,"every single one of these has such a different personality, the color combos are wild",https://www.instagram.com/p/DUZNKCmjcSO/,
2026-02-12,03:32,instagram,@thutapottery,thutapottery,unknown,profile,pottery/ceramics,follow,,https://www.instagram.com/p/DUbNDKpgZQ3/,wheel throwing tutorial. tall neck technique. pottery tips
2026-02-12,03:32,instagram,@thutapottery,thutapottery,unknown,profile,pottery/ceramics,like,,https://www.instagram.com/p/DUbNDKpgZQ3/,
2026-02-12,03:35,instagram,@meilinceramics,meilinceramics,unknown,profile,pottery/ceramics,follow,,https://www.instagram.com/p/DUbsVJxkpFj/,character ceramic mugs. orchid collection sold out before site opened. adorable faces
2026-02-12,03:35,instagram,@meilinceramics,meilinceramics,unknown,profile,pottery/ceramics,like,,https://www.instagram.com/p/DUbsVJxkpFj/,
2026-02-12,03:38,instagram,@beckylairdpottery,beckylairdpottery,unknown,profile,pottery/ceramics,follow,,https://www.instagram.com/p/DUeYnFgkusj/,thrown and altered (pinched) form mugs. mixed glazes. Kenmore Washington. March 1st shop update
2026-02-12,03:38,instagram,@beckylairdpottery,beckylairdpottery,unknown,profile,pottery/ceramics,like,,https://www.instagram.com/p/DUeYnFgkusj/,
2026-02-12,03:41,instagram,@sewar.ceramics,sewar.ceramics,unknown,profile,pottery/ceramics,follow,,https://www.instagram.com/p/DTc4Ga4iADz/,3D butterfly ceramic mug. handmade. beautiful sculptural detail
2026-02-12,03:41,instagram,@sewar.ceramics,sewar.ceramics,unknown,profile,pottery/ceramics,like,,https://www.instagram.com/p/DTc4Ga4iADz/,
2026-02-24,15:31,instagram,@takeabreak.ceramics,takeabreak.ceramics,unknown,profile,pottery/ceramics,follow,,https://www.instagram.com/p/DVEZSYJjbPv/,latvian bowl stacks. round rim bowls. small potter
2026-02-24,15:31,instagram,@takeabreak.ceramics,takeabreak.ceramics,unknown,profile,pottery/ceramics,like,,https://www.instagram.com/p/DVEZSYJjbPv/,
2026-02-24,15:32,instagram,@ceramicsmadebyj,ceramicsmadebyj,unknown,profile,pottery/ceramics,follow,,https://www.instagram.com/p/DTvadATCAMP/,keep cups reflection post. genuine small potter
2026-02-24,15:32,instagram,@ceramicsmadebyj,ceramicsmadebyj,unknown,profile,pottery/ceramics,like,,https://www.instagram.com/p/DTvadATCAMP/,
2026-02-24,15:32,instagram,@ceramicsmadebyj,ceramicsmadebyj,unknown,profile,pottery/ceramics,comment,"such a real take on balancing what you love making vs what actually moves, respect for being honest about it",https://www.instagram.com/p/DTvadATCAMP/,
2026-02-24,15:35,instagram,@westwingcom,westwingcom,unknown,profile,home decor,like,,https://www.instagram.com/p/DUh5hj_kSCV/,dedali vase post. large brand - like only
2026-02-24,15:36,instagram,@studioyono,Studio Yono,unknown,profile,ceramics retail,follow,,https://www.instagram.com/p/DUbyc71k-_7/,store filled with studio arhoj ceramics. Singapore
2026-02-24,15:36,instagram,@studioyono,Studio Yono,unknown,profile,ceramics retail,like,,https://www.instagram.com/p/DUbyc71k-_7/,
2026-02-24,15:36,instagram,@studioyono,Studio Yono,unknown,profile,ceramics retail,comment,"that collection is so good, the color range on those cups is unreal",https://www.instagram.com/p/DUbyc71k-_7/,
2026-02-24,15:38,instagram,@stickyearth,stickyearth,unknown,profile,pottery/ceramics,follow,,https://www.instagram.com/p/DU68kTfk_Ul/,pottery v60 and tableware. chocolates on website
2026-02-24,15:38,instagram,@stickyearth,stickyearth,unknown,profile,pottery/ceramics,like,,https://www.instagram.com/p/DU68kTfk_Ul/,
2026-02-24,15:39,instagram,@mas.keramik,mas.keramik,unknown,profile,pottery/ceramics,follow,,https://www.instagram.com/p/DTXA6XzjB0E/,german ceramicist. special mugs collection
2026-02-24,15:39,instagram,@mas.keramik,mas.keramik,unknown,profile,pottery/ceramics,like,,https://www.instagram.com/p/DTXA6XzjB0E/,
2026-02-24,15:39,instagram,@mas.keramik,mas.keramik,unknown,profile,pottery/ceramics,comment,"the glaze work on this one is gorgeous, love that you're going all in on special pieces this year",https://www.instagram.com/p/DTXA6XzjB0E/,
2026-02-24,15:50,instagram,@paulsibuet,paulsibuet,unknown,profile,pottery/ceramics,like,,https://www.instagram.com/p/DTGLfXKDE-u/,compression peach prototype. 266K likes - viral. like only
2026-02-24,15:52,instagram,@shanerceramics,shanerceramics,unknown,profile,pottery/ceramics,like,,https://www.instagram.com/p/DTdvhB7EkRn/,elastic escape jar. 725K likes - viral. like only
2026-02-24,15:54,instagram,@victorng.ceramics,victorng.ceramics,unknown,profile,pottery/ceramics,follow,,https://www.instagram.com/p/DUa0xjXjBUm/,kiln drip decor pieces. beautiful glaze results
2026-02-24,15:54,instagram,@victorng.ceramics,victorng.ceramics,unknown,profile,pottery/ceramics,like,,https://www.instagram.com/p/DUa0xjXjBUm/,
2026-02-24,15:54,instagram,@victorng.ceramics,victorng.ceramics,unknown,profile,pottery/ceramics,comment,"those drips came out so clean, the kiln gods really came through on this one",https://www.instagram.com/p/DUa0xjXjBUm/,
2026-02-24,15:56,instagram,@themakingbox_,themakingbox_,unknown,profile,pottery/ceramics,like,,https://www.instagram.com/p/DTddx2JDHDE/,jellycat mugs. 247K likes - viral. like only
2026-02-24,15:58,instagram,@michaeljones00220,michaeljones00220,unknown,profile,pottery/ceramics,follow,,https://www.instagram.com/p/DU_HYxuEfpW/,pottery painting and glaze. 44.5K likes
2026-02-24,15:58,instagram,@michaeljones00220,michaeljones00220,unknown,profile,pottery/ceramics,like,,https://www.instagram.com/p/DU_HYxuEfpW/,
2026-02-24,16:00,instagram,@nawetspoko.co,nawetspoko.co,unknown,profile,pottery/ceramics,follow,,https://www.instagram.com/p/DUK6dqFgrng/,polish ceramics. checkered pattern ASMR
2026-02-24,16:00,instagram,@nawetspoko.co,nawetspoko.co,unknown,profile,pottery/ceramics,like,,https://www.instagram.com/p/DUK6dqFgrng/,
2026-02-24,16:02,instagram,@kenn_home,kenn_home,unknown,profile,tableware/serveware,follow,,https://www.instagram.com/p/DTyN0hLEoam/,home accessories and tableware styling
2026-02-24,16:02,instagram,@kenn_home,kenn_home,unknown,profile,tableware/serveware,like,,https://www.instagram.com/p/DTyN0hLEoam/,
2026-02-24,19:35,facebook,potteryandtiles,Pottery and Tiles - Handmade Pottery Ceramics from Italy,95,page,search,follow,,https://www.facebook.com/search/pages/?q=handmade%20ceramics%20pottery,italian handmade ceramics. search-based follow to retrain Reels algo
2026-02-24,19:35,facebook,centredceramics,Centred Ceramics - Handmade Pottery,51,page,search,follow,,https://www.facebook.com/search/pages/?q=handmade%20ceramics%20pottery,etsy-based handmade ceramics
2026-02-24,19:35,facebook,fillceramics,Fill Ceramics Handmade Pottery by Leandra,83,page,search,follow,,https://www.facebook.com/search/pages/?q=handmade%20ceramics%20pottery,pottery journey page
2026-02-24,19:35,facebook,brickhouseny,BrickHouse Ceramic Art Center,1000,page,search,follow,,https://www.facebook.com/search/pages/?q=handmade%20ceramics%20pottery,ceramic art school Long Island City NY
2026-02-24,19:36,facebook,mabhandmadeceramics,MAB Handmade Ceramics,189,page,search,follow,,https://www.facebook.com/search/pages/?q=handmade%20ceramics%20pottery,small-batch functional pottery Central Pennsylvania
2026-02-24,19:36,facebook,sageceramics,Handmade pottery by Sage Ceramics,unknown,page,search,follow,,https://www.facebook.com/search/pages/?q=handmade%20ceramics%20pottery,handmade pottery
2026-02-24,19:36,facebook,teahousepottery,Teahouse Pottery,unknown,page,search,follow,,https://www.facebook.com/search/pages/?q=handmade%20ceramics%20pottery,pottery page
2026-02-24,19:36,facebook,jennmapplebeckceramics,Jenn Mapplebeck Ceramics,unknown,page,search,follow,,https://www.facebook.com/search/pages/?q=handmade%20ceramics%20pottery,sculptural ceramics and pottery
2026-02-24,21:52,facebook,margceramics,Marg Ceramics,unknown,page,post,react(like),,https://www.facebook.com/search/posts/?q=handmade%20ceramics%20pottery,wheel throwing paper towel roll holder video. 38K reactions
2026-02-24,21:52,facebook,margceramics,Marg Ceramics,unknown,page,post,follow,,https://www.facebook.com/search/posts/?q=handmade%20ceramics%20pottery,
2026-02-24,21:53,facebook,susanpottery,Susan Pottery,unknown,page,post,react(like),,https://www.facebook.com/search/posts/?q=handmade%20ceramics%20pottery,pottery wheel video
2026-02-24,21:53,facebook,susanpottery,Susan Pottery,unknown,page,post,follow,,https://www.facebook.com/search/posts/?q=handmade%20ceramics%20pottery,
2026-02-24,21:53,facebook,susanpottery,Susan Pottery,unknown,page,post,comment,"there is something so calming about watching the wheel spin, the way you center that clay is so smooth",https://www.facebook.com/search/posts/?q=handmade%20ceramics%20pottery,
2026-02-24,21:56,facebook,margceramics,Marg Ceramics,unknown,page,post,react(like),,https://www.facebook.com/search/posts/?q=handmade%20ceramics%20pottery,girly pop popcorn dipping bowl
2026-02-24,22:03,facebook,unknown,Unknown ceramics post,unknown,page,post,react(like),,https://www.facebook.com/search/posts/?q=handmade%20ceramics%20pottery,pottery search result post
2026-02-24,22:03,facebook,unknown,Unknown ceramics post,unknown,page,post,comment,"the texture on this piece is beautiful, really satisfying wheel work",https://www.facebook.com/search/posts/?q=handmade%20ceramics%20pottery,
2026-02-25,12:35,facebook,dustinmarkjohnston,Dustin Mark Johnston,unknown,page,Reel,react(like),,https://www.facebook.com/reel/,pottery - cutting open pots to Stranger Things theme
2026-02-25,12:35,facebook,dustinmarkjohnston,Dustin Mark Johnston,unknown,page,Reel,follow,,https://www.facebook.com/reel/,
2026-02-25,12:38,facebook,ceranhmic,ceranhmic,unknown,page,Reel,react(love),,https://www.facebook.com/reel/,pottery hack question
2026-02-25,12:38,facebook,ceranhmic,ceranhmic,unknown,page,Reel,follow,,https://www.facebook.com/reel/,
2026-02-25,12:41,facebook,chelseycrandell,Chelsey Crandell,unknown,page,Reel,react(like),,https://www.facebook.com/reel/,pottery wheel throwing satisfying video
2026-02-25,12:41,facebook,chelseycrandell,Chelsey Crandell,unknown,page,Reel,follow,,https://www.facebook.com/reel/,
2026-02-25,12:44,facebook,jonschmidtpottery,Jon Schmidt Pottery,unknown,page,Reel,react(like),,https://www.facebook.com/reel/,bowl - verified pottery account
2026-02-25,12:47,facebook,unhahill,Unha Hill,unknown,page,Reel,react(love),,https://www.facebook.com/reel/,centering advice - over centering
2026-02-25,12:47,facebook,unhahill,Unha Hill,unknown,page,Reel,follow,,https://www.facebook.com/reel/,
2026-02-25,12:52,facebook,throwtofire,Throw to Fire,unknown,page,Reel,react(like),,https://www.facebook.com/reel/,pottery world advice
2026-02-25,12:52,facebook,throwtofire,Throw to Fire,unknown,page,Reel,follow,,https://www.facebook.com/reel/,
2026-02-25,12:52,facebook,throwtofire,Throw to Fire,unknown,page,Reel,comment,"the centering advice is so underrated, took me forever to learn that less pressure actually gives you more control",https://www.facebook.com/reel/,
2026-02-25,12:55,facebook,sophiewoottondesign,Sophie Wootton Design,unknown,page,Reel,react(like),,https://www.facebook.com/reel/,home design - last orders
2026-02-25,12:55,facebook,sophiewoottondesign,Sophie Wootton Design,unknown,page,Reel,follow,,https://www.facebook.com/reel/,
2026-02-25,12:58,facebook,tomdarbydesign,Tom Darby Design,unknown,page,Reel,react(love),,https://www.facebook.com/reel/,how to pull handles
2026-02-25,12:58,facebook,tomdarbydesign,Tom Darby Design,unknown,page,Reel,comment,"this makes pulling handles look way less intimidating",https://www.facebook.com/reel/,
2026-02-25,13:02,facebook,throwtofire,Throw to Fire,unknown,page,Reel,react(like),,https://www.facebook.com/reel/,sibling pots advice - second reel
2026-02-25,13:04,facebook,unhahill,Unha Hill,unknown,page,Reel,react(like),,https://www.facebook.com/reel/,new reel - 19 likes - first comment
2026-02-25,13:04,facebook,unhahill,Unha Hill,unknown,page,Reel,comment,"the way you shape the walls is so controlled, really satisfying to watch",https://www.facebook.com/reel/,
2026-02-26,12:20,facebook,karaleighford,Kara Leigh Ford,unknown,page,Reel,react(like),,https://www.facebook.com/reel/,pottery wheel - not smooth sailing motivational
2026-02-26,12:20,facebook,karaleighford,Kara Leigh Ford,unknown,page,Reel,follow,,https://www.facebook.com/reel/,
2026-02-26,12:22,facebook,waveceramics,Wave Ceramics,unknown,page,Reel,react(love),,https://www.facebook.com/reel/,morning commute to barn studio in snow
2026-02-26,12:22,facebook,waveceramics,Wave Ceramics,unknown,page,Reel,follow,,https://www.facebook.com/reel/,
2026-02-26,12:24,facebook,gallery23,Gallery 23,unknown,page,Reel,react(like),,https://www.facebook.com/reel/,snow day mug by Judy Musicant
2026-02-26,12:24,facebook,gallery23,Gallery 23,unknown,page,Reel,follow,,https://www.facebook.com/reel/,
2026-02-26,12:26,facebook,alliebrinn,Allie Brinn,unknown,page,Reel,react(like),,https://www.facebook.com/reel/,favorite pottery pieces 2025
2026-02-26,12:26,facebook,alliebrinn,Allie Brinn,unknown,page,Reel,follow,,https://www.facebook.com/reel/,
2026-02-26,12:30,facebook,thepotterystudio,The Pottery Studio,unknown,page,Reel,react(like),,https://www.facebook.com/reel/,beginner tips pt 4 - things I wish I knew
2026-02-26,12:30,facebook,thepotterystudio,The Pottery Studio,unknown,page,Reel,follow,,https://www.facebook.com/reel/,
2026-02-26,12:31,facebook,thepotterystudio,The Pottery Studio,unknown,page,Reel,comment,"wish someone had told me all of this when I first started, would have saved me so many cracked pieces",https://www.facebook.com/reel/,
2026-02-26,12:33,facebook,fhkeramik,fh.keramik,unknown,page,Reel,react(love),,https://www.facebook.com/reel/,blue-purple glaze ceramic cup
2026-02-26,12:33,facebook,fhkeramik,fh.keramik,unknown,page,Reel,follow,,https://www.facebook.com/reel/,
2026-02-26,12:34,facebook,fhkeramik,fh.keramik,unknown,page,Reel,comment,"that glaze is stunning, the way the blue catches the light on the rim is so good",https://www.facebook.com/reel/,
2026-02-26,12:35,facebook,fhkeramik,fh.keramik,unknown,page,Reel,react(like),,https://www.facebook.com/reel/,kimchi glaze spiral bowl - second reel
2026-02-26,12:38,facebook,finpotterytools,Fin Pottery Tools,unknown,page,Reel,react(like),,https://www.facebook.com/reel/,3 things to make with forms besides plates
2026-02-26,12:41,facebook,dirtysouthpottery,Dirty South Pottery,unknown,page,Reel,react(love),,https://www.facebook.com/reel/,haunted mug limited release #4
2026-02-26,12:41,facebook,dirtysouthpottery,Dirty South Pottery,unknown,page,Reel,follow,,https://www.facebook.com/reel/,
2026-02-26,12:44,facebook,lanamellis,Lana Mellis Ceramics,unknown,page,Reel,react(like),,https://www.facebook.com/reel/,sgraffito carving on ceramic mug
2026-02-26,12:45,facebook,lanamellis,Lana Mellis Ceramics,unknown,page,Reel,comment,"the patience this takes is unreal, so much more character than a plain glaze",https://www.facebook.com/reel/,
2026-02-25,15:28,instagram,helen_levi,helen_levi,unknown,profile,post,like,,,candy heart message mugs
2026-02-25,15:28,instagram,helen_levi,helen_levi,unknown,profile,post,follow,,,
2026-02-25,15:28,instagram,helen_levi,helen_levi,unknown,profile,post,comment,,,
2026-02-25,15:28,instagram,johnbrown.ceramics,johnbrown.ceramics,unknown,profile,post,like,,,shop update peek ceramics
2026-02-25,15:28,instagram,johnbrown.ceramics,johnbrown.ceramics,unknown,profile,post,follow,,,
2026-02-25,15:28,instagram,clayton.chambrs,clayton.chambrs,unknown,profile,post,like,,,designers + ini_ceramique ceramics
2026-02-25,15:28,instagram,clayton.chambrs,clayton.chambrs,unknown,profile,post,follow,,,
2026-02-25,15:28,instagram,tohchistudios,tohchistudios,unknown,profile,post,like,,,glazing technique reel
2026-02-25,15:28,instagram,tohchistudios,tohchistudios,unknown,profile,post,follow,,,
2026-02-25,15:28,instagram,tohchistudios,tohchistudios,unknown,profile,post,comment,,,
2026-02-25,15:28,instagram,sincerelysydceramics,sincerelysydceramics,unknown,profile,post,like,,,sipper cups wheel technique
2026-02-25,15:28,instagram,sincerelysydceramics,sincerelysydceramics,unknown,profile,post,follow,,,
2026-02-25,15:28,instagram,sincerelysydceramics,sincerelysydceramics,unknown,profile,post,comment,,,
2026-02-25,15:28,instagram,sincerelysydceramics,sincerelysydceramics,unknown,profile,post,save,,,
2026-02-25,15:28,instagram,biggie.projects,biggie.projects,unknown,profile,post,like,,,matcha bowl version
2026-02-25,15:28,instagram,biggie.projects,biggie.projects,unknown,profile,post,follow,,,
2026-02-25,15:28,instagram,pokidaeff,pokidaeff,unknown,profile,post,like,,,handle making technique
2026-02-25,15:28,instagram,pokidaeff,pokidaeff,unknown,profile,post,follow,,,
2026-02-25,15:28,instagram,kayserceramics,kayserceramics,unknown,profile,post,like,,,dino teapot liner glaze
2026-02-25,15:28,instagram,kayserceramics,kayserceramics,unknown,profile,post,follow,,,
2026-02-25,15:28,instagram,kayserceramics,kayserceramics,unknown,profile,post,comment,,,
2026-02-25,15:28,instagram,wave_ceramics,wave_ceramics,unknown,profile,post,like,,,frozen pottery studio
2026-02-25,15:28,instagram,wave_ceramics,wave_ceramics,unknown,profile,post,follow,,,
2026-02-25,15:28,instagram,throwtofire,throwtofire,unknown,profile,post,like,,,bubble plate green slip
2026-02-25,15:28,instagram,throwtofire,throwtofire,unknown,profile,post,follow,,,
2026-02-25,19:30,facebook,jets-pottery,Jets-Pottery,unknown,page,Reel,react(like),,https://www.facebook.com/reel/,wedging clay techniques
2026-02-25,19:30,facebook,jets-pottery,Jets-Pottery,unknown,page,Reel,follow,,https://www.facebook.com/reel/,
2026-02-25,19:30,facebook,jets-pottery,Jets-Pottery,unknown,page,Reel,comment,the way you show the difference between spiral and rams head wedging is so helpful. always wondered which one actually makes a bigger difference for air bubbles,https://www.facebook.com/reel/,
2026-02-25,19:35,facebook,carolineclaycreations,Carolineclaycreations,unknown,page,Reel,react(like),,https://www.facebook.com/reel/,inside vs outside of piece
2026-02-25,19:35,facebook,carolineclaycreations,Carolineclaycreations,unknown,page,Reel,follow,,https://www.facebook.com/reel/,
2026-02-25,19:38,facebook,ofysmith-pottery,Ofysmith Pottery,unknown,page,Reel,react(like),,https://www.facebook.com/reel/,testing tools while throwing
2026-02-25,19:38,facebook,ofysmith-pottery,Ofysmith Pottery,unknown,page,Reel,comment,really cool seeing how different tools change the texture. that rib comparison at the end was eye-opening,https://www.facebook.com/reel/,
2026-02-25,19:40,facebook,unha-hill,Unha Hill,unknown,page,Reel,react(like),,https://www.facebook.com/reel/,14 pounds clay centering
2026-02-25,19:42,facebook,singing-bridge-pottery,Singing Bridge Pottery,unknown,page,Reel,react(like),,https://www.facebook.com/reel/,pottery reel
2026-02-25,19:44,facebook,three-glass-birds,Three Glass Birds,unknown,page,Reel,react(like),,https://www.facebook.com/reel/,stained glass foiling
2026-02-25,19:46,facebook,wave-ceramics,Wave Ceramics,unknown,page,Reel,react(like),,https://www.facebook.com/reel/,pottery progression journey
2026-02-25,19:46,facebook,wave-ceramics,Wave Ceramics,unknown,page,Reel,comment,love this so much. there's something about seeing the progression from beginner to where you are now that hits different,https://www.facebook.com/reel/,
2026-02-25,19:48,facebook,unknown-sub1,Unknown (Subscribe),unknown,page,Reel,react(like),,https://www.facebook.com/reel/,pottery reel (verified)
2026-02-25,19:50,facebook,unknown-reel1,Unknown,unknown,page,Reel,react(like),,https://www.facebook.com/reel/,reel content
2026-02-25,19:52,facebook,unknown-reel2,Unknown,unknown,page,Reel,react(like),,https://www.facebook.com/reel/,reel content
2026-02-25,19:36,facebook,handmade-pottery-1,Handmade Pottery,unknown,page,Search,follow,,https://www.facebook.com/search/pages/?q=handmade%20pottery,search follow
2026-02-25,19:36,facebook,handmade-pottery-2,Handmade Pottery,unknown,page,Search,follow,,https://www.facebook.com/search/pages/?q=handmade%20pottery,search follow
2026-02-25,19:37,facebook,handmade-macedonian-pottery,Handmade Macedonian Pottery,unknown,page,Search,follow,,https://www.facebook.com/search/pages/?q=handmade%20pottery,search follow
2026-02-25,19:37,facebook,handmade-pottery-gifts-grandy,Handmade Pottery & Gifts from Grandy,unknown,page,Search,follow,,https://www.facebook.com/search/pages/?q=handmade%20pottery,search follow
2026-02-26,07:11,instagram,h__kisu,h__kisu,unknown,profile,post,like,,,layered texture ceramic vase
2026-02-26,07:11,instagram,h__kisu,h__kisu,unknown,profile,post,follow,,,
2026-02-26,07:11,instagram,rosetta__ceramica,rosetta__ceramica,unknown,profile,post,like,,,two-tone navy blush ceramic dish
2026-02-26,07:11,instagram,rosetta__ceramica,rosetta__ceramica,unknown,profile,post,follow,,,
2026-02-26,07:11,instagram,rosetta__ceramica,rosetta__ceramica,unknown,profile,post,comment,,,
2026-02-26,07:11,instagram,ceramicademeles,ceramicademeles,unknown,profile,post,like,,,coffee cup sizing reel
2026-02-26,07:11,instagram,ceramicademeles,ceramicademeles,unknown,profile,post,follow,,,
2026-02-26,07:11,instagram,_pk_ceramics,_pk_ceramics,unknown,profile,post,like,,,pottery website drop carousel
2026-02-26,07:11,instagram,_pk_ceramics,_pk_ceramics,unknown,profile,post,follow,,,
2026-02-26,07:11,instagram,tortus,tortus,unknown,profile,post,like,,,pottery flops reel
2026-02-26,07:11,instagram,tortus,tortus,unknown,profile,post,follow,,,
2026-02-26,07:11,instagram,tortus,tortus,unknown,profile,post,comment,,,
2026-02-26,07:11,instagram,pinepaddlepottery,pinepaddlepottery,unknown,profile,post,like,,,swirl chip dip bowl
2026-02-26,07:11,instagram,hammerlyceramics,hammerlyceramics,unknown,profile,post,like,,,high fire porcelain kiln opening
2026-02-26,07:11,instagram,hammerlyceramics,hammerlyceramics,unknown,profile,post,follow,,,
2026-02-26,07:11,instagram,hammerlyceramics,hammerlyceramics,unknown,profile,post,save,,,
2026-02-26,07:11,instagram,hammerlyceramics,hammerlyceramics,unknown,profile,post,comment,,,
2026-02-26,07:11,instagram,karoundauguste,karoundauguste,unknown,profile,post,like,,,handmade ceramics bogliasco italy
2026-02-26,07:11,instagram,karoundauguste,karoundauguste,unknown,profile,post,follow,,,
2026-02-26,07:11,instagram,daraschumanceramics,daraschumanceramics,unknown,profile,post,like,,,pottery failure pivot reel
2026-02-26,07:11,instagram,daraschumanceramics,daraschumanceramics,unknown,profile,post,follow,,,
2026-02-26,07:11,instagram,daraschumanceramics,daraschumanceramics,unknown,profile,post,comment,,,
2026-02-26,07:11,instagram,the.quirkypotter,the.quirkypotter,unknown,profile,post,like,,,cant stop wont stop pottery reel
2026-02-26,07:11,instagram,the.quirkypotter,the.quirkypotter,unknown,profile,post,follow,,,
2026-02-26,07:11,instagram,cathrine_fehu,cathrine_fehu,unknown,profile,post,like,,,i love the result ceramics reel
2026-02-26,07:11,instagram,cathrine_fehu,cathrine_fehu,unknown,profile,post,follow,,,
2026-02-26,15:03,instagram,jiseungminceramics,jiseungminceramics,unknown,profile,post,like,,,FORMA collection moon glaze Korean ceramics
2026-02-26,15:03,instagram,jiseungminceramics,jiseungminceramics,unknown,profile,post,follow,,,
2026-02-26,15:03,instagram,jiseungminceramics,jiseungminceramics,unknown,profile,post,comment,,,
2026-02-26,15:03,instagram,studiomano__,studiomano__,unknown,profile,post,like,,,microwave kiln fired clay pot
2026-02-26,15:03,instagram,studiomano__,studiomano__,unknown,profile,post,follow,,,
2026-02-26,15:03,instagram,shoponeofafew,shoponeofafew,unknown,profile,post,like,,,amphora ceramics welcome post retail shop
2026-02-26,15:03,instagram,shoponeofafew,shoponeofafew,unknown,profile,post,follow,,,
2026-02-26,15:03,instagram,smsnceramics,smsnceramics,unknown,profile,post,like,,,glaze reveal mayco alabaster black walnut birch
2026-02-26,15:03,instagram,smsnceramics,smsnceramics,unknown,profile,post,follow,,,
2026-02-26,15:03,instagram,smsnceramics,smsnceramics,unknown,profile,post,comment,,,
2026-02-26,15:03,instagram,themakingbox_,themakingbox_,unknown,profile,post,like,,,jellycat mugs craft club giveaway
2026-02-26,15:03,instagram,themakingbox_,themakingbox_,unknown,profile,post,follow,,,
2026-02-26,15:03,instagram,marsei_ceramics,marsei_ceramics,unknown,profile,post,like,,,MarSei ceramics Czech Republic handmade
2026-02-26,15:03,instagram,forestceramicco,forestceramicco,unknown,profile,post,like,,,Seattle marbling workshop March dates
2026-02-26,15:03,instagram,forestceramicco,forestceramicco,unknown,profile,post,follow,,,
2026-02-26,15:03,instagram,forestceramicco,forestceramicco,unknown,profile,post,comment,,,
2026-02-26,15:03,instagram,daultpottery,daultpottery,unknown,profile,post,like,,,dog caught mouse in pottery studio
2026-02-26,15:03,instagram,daultpottery,daultpottery,unknown,profile,post,follow,,,
2026-02-26,15:03,instagram,twl_shop,twl_shop,unknown,profile,post,like,,,TeaNote Korean teacup exhibition curated ceramics
2026-02-26,15:03,instagram,twl_shop,twl_shop,unknown,profile,post,follow,,,
2026-02-26,15:03,instagram,twl_shop,twl_shop,unknown,profile,post,save,,,
2026-02-26,15:03,instagram,casameliha,casameliha,unknown,profile,post,like,,,hand painted summer plates beach home
2026-02-26,15:03,instagram,casameliha,casameliha,unknown,profile,post,follow,,,
2026-02-26,15:03,instagram,casameliha,casameliha,unknown,profile,post,comment,,,
2026-02-26,19:15,instagram,shopceramica,shopceramica,unknown,profile,post,like,,,ceramic coaster set collab
2026-02-26,19:15,instagram,modhome.ceramics,modhome.ceramics,unknown,profile,post,like,,,sgraffito pottery
2026-02-26,19:15,instagram,modhome.ceramics,modhome.ceramics,unknown,profile,post,follow,,,
2026-02-26,19:15,instagram,cedarwoodceramics,cedarwoodceramics,unknown,profile,post,like,,,wheel thrown hand carved ceramics
2026-02-26,19:15,instagram,cedarwoodceramics,cedarwoodceramics,unknown,profile,post,follow,,,
2026-02-26,19:15,instagram,cedarwoodceramics,cedarwoodceramics,unknown,profile,post,comment,,,
2026-02-26,19:15,instagram,jgbounds,jgbounds,unknown,profile,post,like,,,wabi-sabi pottery mugs
2026-02-26,19:15,instagram,jgbounds,jgbounds,unknown,profile,post,follow,,,
2026-02-26,19:15,instagram,studio_kure,studio_kure,unknown,profile,post,like,,,ceramic studio vases returning to sharing
2026-02-26,19:15,instagram,studio_kure,studio_kure,unknown,profile,post,follow,,,
2026-02-26,19:15,instagram,noss_and_co,noss_and_co,unknown,profile,post,like,,,handmade vases warm color palette
2026-02-26,19:15,instagram,noss_and_co,noss_and_co,unknown,profile,post,follow,,,
2026-02-26,19:15,instagram,noss_and_co,noss_and_co,unknown,profile,post,comment,,,
2026-02-26,19:15,instagram,ceramicsintheannexe,ceramicsintheannexe,unknown,profile,post,like,,,pottery studio annexe
2026-02-26,19:15,instagram,ceramicsintheannexe,ceramicsintheannexe,unknown,profile,post,follow,,,
2026-02-26,19:15,instagram,annashipulina_ceramics,annashipulina_ceramics,unknown,profile,post,like,,,LA ceramics artist vogue living
2026-02-26,19:15,instagram,annashipulina_ceramics,annashipulina_ceramics,unknown,profile,post,follow,,,
2026-02-26,19:15,instagram,annashipulina_ceramics,annashipulina_ceramics,unknown,profile,post,comment,,,
2026-02-26,19:15,instagram,annashipulina_ceramics,annashipulina_ceramics,unknown,profile,post,save,,,
2026-02-26,19:15,instagram,jumbledonline,jumbledonline,unknown,profile,post,like,,,home decor curated space textures
2026-02-26,19:15,instagram,jumbledonline,jumbledonline,unknown,profile,post,follow,,,
2026-02-26,19:15,instagram,jumbledonline,jumbledonline,unknown,profile,post,comment,,,
2026-02-27,13:10,instagram,limon.ceramics,limon.ceramics,unknown,profile,reel,like,,https://www.instagram.com/p/DSR7GB0ATBM/,ceramics/cactus pottery content
2026-02-27,13:10,instagram,limon.ceramics,limon.ceramics,unknown,profile,reel,follow,,https://www.instagram.com/p/DSR7GB0ATBM/,
2026-02-27,13:13,instagram,colmo.matcha,colmo.matcha,unknown,profile,reel,like,,https://www.instagram.com/p/DQT_t8XDRy5/,colorful handmade ceramics
2026-02-27,13:13,instagram,colmo.matcha,colmo.matcha,unknown,profile,reel,follow,,https://www.instagram.com/p/DQT_t8XDRy5/,
2026-02-27,13:14,instagram,colmo.matcha,colmo.matcha,unknown,profile,reel,comment,the color range on these is so satisfying,https://www.instagram.com/p/DQT_t8XDRy5/,
2026-02-27,13:16,instagram,sortofceramics,sortofceramics,unknown,profile,reel,like,,https://www.instagram.com/p/DVCDsjnEtdS/,pink glaze ceramics
2026-02-27,13:16,instagram,sortofceramics,sortofceramics,unknown,profile,reel,follow,,https://www.instagram.com/p/DVCDsjnEtdS/,
2026-02-27,13:18,instagram,zoeburdonceramics,zoeburdonceramics,unknown,profile,reel,like,,https://www.instagram.com/p/DSE4u3ZEYSD/,verified ceramics account
2026-02-27,13:18,instagram,zoeburdonceramics,zoeburdonceramics,unknown,profile,reel,follow,,https://www.instagram.com/p/DSE4u3ZEYSD/,
2026-02-27,13:20,instagram,kleyceramics,kleyceramics,unknown,profile,reel,like,,https://www.instagram.com/p/DQU5CqpkoG4/,handmade ceramics
2026-02-27,13:20,instagram,kleyceramics,kleyceramics,unknown,profile,reel,follow,,https://www.instagram.com/p/DQU5CqpkoG4/,
2026-02-27,13:23,instagram,keramikuju,keramikuju,unknown,profile,photo,like,,https://www.instagram.com/p/DSAtneBDFoC/,verified czech ceramics
2026-02-27,13:23,instagram,keramikuju,keramikuju,unknown,profile,photo,follow,,https://www.instagram.com/p/DSAtneBDFoC/,
2026-02-27,13:23,instagram,keramikuju,keramikuju,unknown,profile,photo,save,,https://www.instagram.com/p/DSAtneBDFoC/,
2026-02-27,13:25,instagram,pilla.ceramics,pilla.ceramics,unknown,profile,photo,like,,https://www.instagram.com/p/DRcgelRiLf5/,wheelthrown chip and dip bowls green glaze
2026-02-27,13:25,instagram,pilla.ceramics,pilla.ceramics,unknown,profile,photo,follow,,https://www.instagram.com/p/DRcgelRiLf5/,
2026-02-27,13:26,instagram,pilla.ceramics,pilla.ceramics,unknown,profile,photo,comment,"that glaze breaking along the rim is gorgeous, love how it shifts to gold at the edges",https://www.instagram.com/p/DRcgelRiLf5/,
2026-02-27,13:28,instagram,kelsrfloyd,kelsrfloyd,unknown,profile,reel,like,,https://www.instagram.com/p/DOZFtj3kakE/,verified pottery account - like only
2026-02-27,13:30,instagram,studiostarke_ceramics,studiostarke_ceramics,unknown,profile,reel,like,,https://www.instagram.com/p/DRjgyJnjMzz/,dopamine decor ceramics
2026-02-27,13:30,instagram,studiostarke_ceramics,studiostarke_ceramics,unknown,profile,reel,follow,,https://www.instagram.com/p/DRjgyJnjMzz/,
2026-02-27,13:33,instagram,keenepottery,keenepottery,unknown,profile,photo,like,,https://www.instagram.com/p/DVJXK_BEeVs/,Philadelphia bud vase potter
2026-02-27,13:33,instagram,keenepottery,keenepottery,unknown,profile,photo,follow,,https://www.instagram.com/p/DVJXK_BEeVs/,
2026-02-27,13:34,instagram,keenepottery,keenepottery,unknown,profile,photo,comment,what a clean little form would look perfect with a single wildflower,https://www.instagram.com/p/DVJXK_BEeVs/,
2026-02-27,13:34,instagram,keenepottery,keenepottery,unknown,profile,photo,save,,https://www.instagram.com/p/DVJXK_BEeVs/,
2026-02-27,13:36,instagram,annacanart,annacanart,unknown,profile,photo,follow,,https://www.instagram.com/p/DVOjI1kkUH0/,Santa Cruz underglaze artist - follow only
2026-02-27,13:38,instagram,fledglingstudios,fledglingstudios,unknown,profile,reel,follow,,https://www.instagram.com/p/DMDIJIwAGiB/,lidded jar pottery - follow only
2026-02-27,16:18,instagram,sensitiveboi,sensitiveboi,unknown,profile,pottery/ceramics,like,,https://www.instagram.com/explore/,tea mugs batch from kiln. 104 likes
2026-02-27,16:18,instagram,sensitiveboi,sensitiveboi,unknown,profile,pottery/ceramics,follow,,https://www.instagram.com/explore/,
2026-02-27,16:20,instagram,miibc_ceramic,miibc_ceramic,unknown,profile,pottery/ceramics,like,,https://www.instagram.com/explore/,ceramic jars and vases. Milan Italy. 478 likes
2026-02-27,16:20,instagram,miibc_ceramic,miibc_ceramic,unknown,profile,pottery/ceramics,follow,,https://www.instagram.com/explore/,
2026-02-27,16:20,instagram,miibc_ceramic,miibc_ceramic,unknown,profile,pottery/ceramics,comment,"the shapes on these are beautiful, you can really see the evolution in each form",https://www.instagram.com/explore/,
2026-02-27,16:23,instagram,santiago_lena,santiago_lena,unknown,profile,pottery/ceramics,like,,https://www.instagram.com/explore/,verified. stoneware vessels on wheel. 274 likes
2026-02-27,16:23,instagram,santiago_lena,santiago_lena,unknown,profile,pottery/ceramics,follow,,https://www.instagram.com/explore/,
2026-02-27,16:25,instagram,studio.formhalber,studio.formhalber,unknown,profile,pottery/ceramics,like,,https://www.instagram.com/explore/,Keramikstudio Heilbronn Germany. coffee cups and mugs. 165 likes
2026-02-27,16:25,instagram,studio.formhalber,studio.formhalber,unknown,profile,pottery/ceramics,follow,,https://www.instagram.com/explore/,
2026-02-27,16:27,instagram,lisakitahara,lisakitahara,unknown,profile,tableware,like,,https://www.instagram.com/explore/,chopstick rest collection. 3701 likes. like only - popular account
2026-02-27,16:29,instagram,fidelbaez_,fidelbaez_,unknown,profile,pottery/ceramics,like,,https://www.instagram.com/explore/,bread-shaped ceramic mugs. 498K likes. viral - like only
2026-02-27,16:34,instagram,r3spectfullyno,r3spectfullyno,unknown,profile,pottery/ceramics,like,,https://www.instagram.com/explore/,Svetlana Ceramic stacked red mugs. 1710 likes
2026-02-27,16:34,instagram,r3spectfullyno,r3spectfullyno,unknown,profile,pottery/ceramics,follow,,https://www.instagram.com/explore/,
2026-02-27,16:34,instagram,r3spectfullyno,r3spectfullyno,unknown,profile,pottery/ceramics,comment,"that stack of mugs is so satisfying, the glaze on the deep red ones is incredible",https://www.instagram.com/explore/,
2026-02-27,16:37,instagram,florenceceramics,florenceceramics,unknown,profile,pottery/ceramics,like,,https://www.instagram.com/explore/,Flo Functional Potter Bristol UK. pottery cups
2026-02-27,16:37,instagram,florenceceramics,florenceceramics,unknown,profile,pottery/ceramics,follow,,https://www.instagram.com/explore/,
2026-02-27,16:37,instagram,florenceceramics,florenceceramics,unknown,profile,pottery/ceramics,save,,https://www.instagram.com/explore/,
2026-02-27,16:40,instagram,elisahellandhansen,elisahellandhansen,unknown,profile,pottery/ceramics,like,,https://www.instagram.com/explore/,pottery jug/pitcher. 638 likes
2026-02-27,16:40,instagram,elisahellandhansen,elisahellandhansen,unknown,profile,pottery/ceramics,follow,,https://www.instagram.com/explore/,
2026-02-27,16:40,instagram,elisahellandhansen,elisahellandhansen,unknown,profile,pottery/ceramics,comment,"what a gorgeous form, love how the handle flows into the body",https://www.instagram.com/explore/,
2026-02-27,16:44,instagram,littlematchstudio,littlematchstudio,unknown,profile,pottery/ceramics,like,,https://www.instagram.com/explore/,Perfect Match collection. Neapolitan ice cream inspired ceramics
2026-02-27,16:44,instagram,littlematchstudio,littlematchstudio,unknown,profile,pottery/ceramics,follow,,https://www.instagram.com/explore/,
2026-02-27,16:46,instagram,evelynwardpottery,evelynwardpottery,unknown,profile,pottery/ceramics,like,,https://www.instagram.com/explore/,ceramic mugs. 2329 likes
2026-02-27,16:46,instagram,evelynwardpottery,evelynwardpottery,unknown,profile,pottery/ceramics,follow,,https://www.instagram.com/explore/,
2026-02-27,16:48,instagram,bypetkaceramics,bypetkaceramics,unknown,profile,pottery/ceramics,like,,https://www.instagram.com/explore/,espresso cups. Slovak potter. like only
2026-02-27,17:17,instagram,huskceramics,,,,photo,like,,https://www.instagram.com/huskceramics/,porcelain vase with blue/easter egg glaze
2026-02-27,17:17,instagram,huskceramics,,,,photo,follow,,https://www.instagram.com/huskceramics/,
2026-02-27,17:17,instagram,lenas_keramikmanufaktur,,,,photo,like,,https://www.instagram.com/lenas_keramikmanufaktur/,ceramic cups with handmade glaze
2026-02-27,17:17,instagram,lenas_keramikmanufaktur,,,,photo,follow,,https://www.instagram.com/lenas_keramikmanufaktur/,
2026-02-27,17:17,instagram,lenas_keramikmanufaktur,,,,photo,comment,the glaze work on these cups is so satisfying,https://www.instagram.com/lenas_keramikmanufaktur/,
2026-02-27,17:17,instagram,tundra_time_,,,,reel,like,,https://www.instagram.com/tundra_time_/,pottery critique piece - rushing/joining issues
2026-02-27,17:17,instagram,tundra_time_,,,,reel,follow,,https://www.instagram.com/tundra_time_/,
2026-02-27,17:17,instagram,michaciliak_ceramics,,,,photo,like,,https://www.instagram.com/michaciliak_ceramics/,handmade pottery mugs
2026-02-27,17:17,instagram,michaciliak_ceramics,,,,photo,follow,,https://www.instagram.com/michaciliak_ceramics/,
2026-02-27,17:17,instagram,michaciliak_ceramics,,,,photo,comment,those handles look so comfortable to hold really nice forms,https://www.instagram.com/michaciliak_ceramics/,
2026-02-27,17:17,instagram,siri.jaffe,,,,carousel,like,,https://www.instagram.com/siri.jaffe/,handpainted stoneware - tractor horse motifs
2026-02-27,17:17,instagram,siri.jaffe,,,,carousel,follow,,https://www.instagram.com/siri.jaffe/,
2026-02-27,17:17,instagram,isarwerke,,,,photo,like,,https://www.instagram.com/isarwerke/,Munich pottery - herzbecher keramikbecher
2026-02-27,17:17,instagram,jaejunlee_ceramics,,,,photo,like,,https://www.instagram.com/jaejunlee_ceramics/,teapot/urn/chinaware
2026-02-27,17:17,instagram,jaejunlee_ceramics,,,,photo,follow,,https://www.instagram.com/jaejunlee_ceramics/,
2026-02-27,17:17,instagram,jaejunlee_ceramics,,,,photo,comment,the craftsmanship on these pieces is incredible wishing you the best wherever you end up,https://www.instagram.com/jaejunlee_ceramics/,
2026-02-27,17:17,instagram,hakujitu_,,,,photo,like,,https://www.instagram.com/hakujitu_/,tableware jug urn pottery vase
2026-02-27,17:17,instagram,hakujitu_,,,,photo,follow,,https://www.instagram.com/hakujitu_/,
2026-02-27,17:17,instagram,hakujitu_,,,,photo,save,,https://www.instagram.com/hakujitu_/,exceptional pottery forms
2026-02-27,17:17,instagram,aku.ceramics,,,,photo,like,,https://www.instagram.com/aku.ceramics/,Edinburgh pottery bowls plates
2026-02-27,17:17,instagram,aku.ceramics,,,,photo,follow,,https://www.instagram.com/aku.ceramics/,
2026-02-27,17:17,instagram,studiodaylien,,,,photo,like,,https://www.instagram.com/studiodaylien/,Hasselt Belgium pink pottery
2026-02-27,17:17,instagram,studiodaylien,,,,photo,follow,,https://www.instagram.com/studiodaylien/,
2026-02-27,17:17,instagram,studiodaylien,,,,photo,comment,that pink is gorgeous what kind of glaze do you use for this color?,https://www.instagram.com/studiodaylien/,
2026-02-27,18:04,instagram,mayamelissapottery,mayamelissapottery,unknown,profile,carousel,like,,https://www.instagram.com/explore/,pedestal bowl first kiln with new foot design
2026-02-27,18:04,instagram,mayamelissapottery,mayamelissapottery,unknown,profile,carousel,follow,,https://www.instagram.com/explore/,
2026-02-27,18:04,instagram,mayamelissapottery,mayamelissapottery,unknown,profile,carousel,comment,"that foot design is genius, no warping and the proportions are so clean",https://www.instagram.com/explore/,
2026-02-27,18:04,instagram,lieblingsstuecke_by_ines,lieblingsstuecke_by_ines,unknown,profile,photo,like,,https://www.instagram.com/explore/,leopard print ceramic mugs 1399 likes
2026-02-27,18:04,instagram,lieblingsstuecke_by_ines,lieblingsstuecke_by_ines,unknown,profile,photo,follow,,https://www.instagram.com/explore/,
2026-02-27,18:04,instagram,biggie.projects,biggie.projects,unknown,profile,reel,like,,https://www.instagram.com/explore/,matcha bowl version verified 6866 likes
2026-02-27,18:04,instagram,biggie.projects,biggie.projects,unknown,profile,reel,follow,,https://www.instagram.com/explore/,
2026-02-27,18:04,instagram,ra_neems,ra_neems,unknown,profile,reel,like,,https://www.instagram.com/explore/,hand-painted ceramic mugs Arabic ceramicist 6485 likes
2026-02-27,18:04,instagram,ra_neems,ra_neems,unknown,profile,reel,follow,,https://www.instagram.com/explore/,
2026-02-27,18:04,instagram,taylorsijan,taylorsijan,unknown,profile,photo,like,,https://www.instagram.com/explore/,urn pottery 1915 likes
2026-02-27,18:04,instagram,taylorsijan,taylorsijan,unknown,profile,photo,follow,,https://www.instagram.com/explore/,
2026-02-27,18:04,instagram,taylorsijan,taylorsijan,unknown,profile,photo,comment,"the way the form narrows at the neck is so elegant",https://www.instagram.com/explore/,
2026-02-27,18:04,instagram,trzaskceramics,trzaskceramics,unknown,profile,carousel,like,,https://www.instagram.com/explore/,Warsaw pottery studio full shelf 1030 likes
2026-02-27,18:04,instagram,trzaskceramics,trzaskceramics,unknown,profile,carousel,follow,,https://www.instagram.com/explore/,
2026-02-27,18:04,instagram,rendandwold,rendandwold,unknown,profile,reel,like,,https://www.instagram.com/explore/,hand built pottery piece 31.1K likes - like only viral
2026-02-27,18:04,instagram,synceramic,synceramic,unknown,profile,carousel,like,,https://www.instagram.com/explore/,turquoise celadon ceramics Koh Samui Thailand
2026-02-27,18:04,instagram,synceramic,synceramic,unknown,profile,carousel,follow,,https://www.instagram.com/explore/,
2026-02-27,18:04,instagram,synceramic,synceramic,unknown,profile,carousel,comment,"that turquoise is stunning, perfect color for spring",https://www.instagram.com/explore/,
2026-02-27,18:04,instagram,two.potters,two.potters,unknown,profile,carousel,like,,https://www.instagram.com/explore/,celadon lily of the valley Goryeo Dynasty inlay
2026-02-27,18:04,instagram,two.potters,two.potters,unknown,profile,carousel,follow,,https://www.instagram.com/explore/,
2026-02-27,18:04,instagram,two.potters,two.potters,unknown,profile,carousel,save,,https://www.instagram.com/explore/,exceptional celadon inlay work
2026-02-27,18:04,instagram,sashacourtstudio,sashacourtstudio,unknown,profile,carousel,like,,https://www.instagram.com/explore/,pottery vases urns jugs experimenting new forms
2026-02-27,18:04,instagram,sashacourtstudio,sashacourtstudio,unknown,profile,carousel,follow,,https://www.instagram.com/explore/,
2026-02-27,18:04,instagram,sashacourtstudio,sashacourtstudio,unknown,profile,carousel,comment,"love seeing you experiment with new forms, these have such a great presence",https://www.instagram.com/explore/,
2026-02-27,23:05,instagram,virginiepernotceramics,,,,photo,like,,,"search: handmade pottery uk"
2026-02-27,23:05,instagram,virginiepernotceramics,,,,photo,follow,,,"search: handmade pottery uk"
2026-02-27,23:05,instagram,virginiepernotceramics,,,,photo,comment,"the way the two forms merge through those bars is so striking, never seen anything like it",,"search: handmade pottery uk"
2026-02-27,23:08,instagram,chelseapotteryco,,,,photo,like,,,"search: handmade pottery uk"
2026-02-27,23:08,instagram,chelseapotteryco,,,,photo,follow,,,"search: handmade pottery uk"
2026-02-27,23:10,instagram,highland.sea.ceramics,,,,photo,like,,,"search: handmade pottery uk"
2026-02-27,23:10,instagram,highland.sea.ceramics,,,,photo,follow,,,"search: handmade pottery uk"
2026-02-27,23:14,instagram,carolineburkeceramics,,,,reel,like,,,"search: handmade pottery uk"
2026-02-27,23:14,instagram,carolineburkeceramics,,,,reel,follow,,,"search: handmade pottery uk"
2026-02-27,23:14,instagram,carolineburkeceramics,,,,reel,comment,"there's something so special about knowing your pieces are part of someone's daily life",,"search: handmade pottery uk"
2026-02-27,23:17,instagram,ceramics.mugs,,,,reel,like,,,"search: handmade pottery uk"
2026-02-27,23:17,instagram,ceramics.mugs,,,,reel,follow,,,"search: handmade pottery uk"
2026-02-27,23:19,instagram,gabriellaroberg.art,,,,photo,like,,,"search: handmade pottery uk"
2026-02-27,23:19,instagram,gabriellaroberg.art,,,,photo,follow,,,"search: handmade pottery uk"
2026-02-27,23:19,instagram,gabriellaroberg.art,,,,photo,save,,,"search: handmade pottery uk"
2026-02-27,23:22,instagram,whiteloft.ceramics,,,,photo,like,,,"search: handmade pottery uk"
2026-02-27,23:22,instagram,whiteloft.ceramics,,,,photo,follow,,,"search: handmade pottery uk"
2026-02-27,23:22,instagram,whiteloft.ceramics,,,,photo,comment,"that sage tone is so calming, what glaze are you using for it?",,"search: handmade pottery uk"
2026-02-27,23:25,instagram,dobrceramics,,,,photo,like,,,"search: handmade pottery uk"
2026-02-27,23:27,instagram,lottis_artsiness,,,,photo,like,,,"search: handmade pottery uk"
2026-02-27,23:27,instagram,lottis_artsiness,,,,photo,follow,,,"search: handmade pottery uk"
2026-02-27,23:27,instagram,lottis_artsiness,,,,photo,comment,"love how you styled the shelf, everything works so well together",,"search: handmade pottery uk"
2026-02-27,23:30,instagram,little_woodpecker_pottery,,,,photo,like,,,"search: handmade pottery uk"
2026-02-27,23:30,instagram,little_woodpecker_pottery,,,,photo,follow,,,"search: handmade pottery uk"
2026-02-27,23:32,instagram,mallardsstudiopottery,,,,photo,like,,,"search: handmade pottery uk"
2026-02-27,23:32,instagram,mallardsstudiopottery,,,,photo,follow,,,"search: handmade pottery uk"
2026-02-28T22:08:50Z,17:08,instagram,tableclay,,,,,skip,,, chrome-tableclay service inactive
2026-03-02T22:17:20Z,17:17,instagram,tableclay,,,,,skip,,, chrome-tableclay service inactive
2026-03-03T01:36:21Z,20:36,facebook,tableclay,,,,,skip,,, chrome-tableclay service inactive
2026-03-05T21:29:33Z,16:29,facebook,tableclay,,,,,skip,,, chrome-tableclay service inactive
2026-03-05 23:03:40 | tableclay | instagram | SKIP | chrome-tableclay service inactive
